{
    "timestamp": "2026-01-04T19:38:46.444645",
    "best_model": "XGBoost",
    "results": {
        "Logistic Regression": {
            "train_accuracy": 0.8429752066115702,
            "test_accuracy": 0.8852459016393442,
            "train_precision": 0.8543689320388349,
            "test_precision": 0.8387096774193549,
            "train_recall": 0.7927927927927928,
            "test_recall": 0.9285714285714286,
            "train_f1": 0.822429906542056,
            "test_f1": 0.8813559322033898,
            "train_roc_auc": 0.9217385324255554,
            "test_roc_auc": 0.9534632034632035,
            "confusion_matrix": [
                [
                    28,
                    5
                ],
                [
                    2,
                    26
                ]
            ]
        },
        "Random Forest": {
            "train_accuracy": 0.9793388429752066,
            "test_accuracy": 0.9016393442622951,
            "train_precision": 0.9732142857142857,
            "test_precision": 0.8666666666666667,
            "train_recall": 0.9819819819819819,
            "test_recall": 0.9285714285714286,
            "train_f1": 0.9775784753363229,
            "test_f1": 0.896551724137931,
            "train_roc_auc": 0.9977993260436008,
            "test_roc_auc": 0.9523809523809523,
            "confusion_matrix": [
                [
                    29,
                    4
                ],
                [
                    2,
                    26
                ]
            ]
        },
        "XGBoost": {
            "train_accuracy": 1.0,
            "test_accuracy": 0.8688524590163934,
            "train_precision": 1.0,
            "test_precision": 0.7941176470588235,
            "train_recall": 1.0,
            "test_recall": 0.9642857142857143,
            "train_f1": 1.0,
            "test_f1": 0.8709677419354839,
            "train_roc_auc": 1.0,
            "test_roc_auc": 0.9610389610389609,
            "confusion_matrix": [
                [
                    26,
                    7
                ],
                [
                    1,
                    27
                ]
            ]
        }
    }
}