{
    "train_accuracy": 1.0,
    "test_accuracy": 0.8688524590163934,
    "train_precision": 1.0,
    "test_precision": 0.7941176470588235,
    "train_recall": 1.0,
    "test_recall": 0.9642857142857143,
    "train_f1": 1.0,
    "test_f1": 0.8709677419354839,
    "train_roc_auc": 1.0,
    "test_roc_auc": 0.9610389610389609,
    "confusion_matrix": [
        [
            26,
            7
        ],
        [
            1,
            27
        ]
    ],
    "model_type": "XGBoost",
    "created_date": "2025-12-22T00:45:21.104320"
}